{
  "model": [
    "D110",
    "D210",
    "V400",
    "V420"
  ],
  "shape": [
    "חזית",
    "פינתי",
    "רבע עיגול"
  ],
  "glass_type": [
    "שקופה",
    "חלבית",
    "מעוטרת"
  ],
  "profile_color": [
    "כרום",
    "שחור",
    "לבן",
    "זהב"
  ],
  "glass_thickness": [
    "6 מ\"מ",
    "8 מ\"מ"
  ],
  "nano_coating": [
    "ללא",
    "כולל"
  ],
  "opening_type": [
    "דלת ציר",
    "דלת הזזה",
    "מקלחון קבוע"
  ],
  "towel_bar": [
    "ללא",
    "כולל"
  ],
  "glass_cut": [
    "רגיל",
    "חיתוך בהתאמה"
  ],
  "preview_images": {
    "D110": "https://example.com/images/d110.png",
    "D210": "https://example.com/images/d210.png",
    "V400": "https://example.com/images/v400.png",
    "V420": "https://example.com/images/v420.png"
  },
  "base_prices": {
    "D110": 1780,
    "D210": 1980,
    "V400": 2250,
    "V420": 2450
  }
}